[
    {
      "question": "What's your favorite makeup brand?",
      "type": "Text",
      "creator_niche": "Beauty"
    },
    {
      "question": "Which entertainment platform do you prefer?",
      "type": "Radio",
      "isRadio": true,
      "supportedRadioValues": ["Netflix", "Hulu", "Amazon Prime"],
      "creator_niche": "Entertainment"
    },
    {
      "question": "What's your go-to fashion style?",
      "type": "Text",
      "creator_niche": "Fashion"
    },
    {
      "question": "How many hours do you spend on fitness activities per week?",
      "type": "Number",
      "creator_niche": "Fitness"
    },
    {
      "question": "What's your favorite food cuisine?",
      "type": "Checkbox",
      "isCheckbox": true,
      "supportedCheckboxValues": ["Italian", "Mexican", "Japanese", "Mediterranean"],
      "creator_niche": "Food"
    },
    {
      "question": "Describe your lifestyle in one word.",
      "type": "Text",
      "creator_niche": "Lifestyle"
    },
    {
      "question": "Your dream travel destination?",
      "type": "Text",
      "creator_niche": "Travel"
    }
  ]
  